{"cameraMode":{"drawMode":0,"name":"Shaded","section":"Shading Mode"},"sceneLighting":true,"audioPlay":false,"sceneViewState":{"showFog":true,"showMaterialUpdate":false,"showSkybox":true,"showFlares":true,"showImageEffects":true,"showParticleSystems":true},"in2DMode":false,"pivot":{"x":-12.069255828857422,"y":-0.3005809783935547,"z":-8.774532318115235},"rotation":{"x":0.24270181357860566,"y":0.6827801465988159,"z":-0.259583443403244,"w":0.6383769512176514},"size":39.846927642822269,"orthographic":false}